{
  "A": "rvolmea",
  "B": "piddob",
  "summary": {
    "rmse_3d": {
      "mean_delta": 0.21769157392906627,
      "median_delta": 0.21875078156985472,
      "win_rate_B_lt_A": 0.0,
      "boot_mean": 0.21770276086701834,
      "boot_ci95": [
        0.21245465240197783,
        0.22271641551511193
      ],
      "cohens_d": 24.613681856262115
    },
    "x_rmse": {
      "mean_delta": 0.04290307693433692,
      "median_delta": 0.04298459455339062,
      "win_rate_B_lt_A": 0.0,
      "boot_mean": 0.042903166936714136,
      "boot_ci95": [
        0.041819911437087465,
        0.04409516955756644
      ],
      "cohens_d": 22.045855594544726
    },
    "y_rmse": {
      "mean_delta": 0.04178536295792734,
      "median_delta": 0.04152104747340854,
      "win_rate_B_lt_A": 0.0,
      "boot_mean": 0.04177925937983533,
      "boot_ci95": [
        0.04021645019967661,
        0.04326629044987838
      ],
      "cohens_d": 16.121779965133126
    },
    "z_rmse": {
      "mean_delta": 0.21149161556446092,
      "median_delta": 0.21263934666883832,
      "win_rate_B_lt_A": 0.0,
      "boot_mean": 0.21150365999893517,
      "boot_ci95": [
        0.20616969866427634,
        0.21659132124584027
      ],
      "cohens_d": 23.534630838245832
    },
    "mae_3d": {
      "mean_delta": 0.22389744833826106,
      "median_delta": 0.22598585180127506,
      "win_rate_B_lt_A": 0.0,
      "boot_mean": 0.22391006973917518,
      "boot_ci95": [
        0.21826314507627403,
        0.22920236158760915
      ],
      "cohens_d": 23.79304941258297
    },
    "p95_3d": {
      "mean_delta": 0.189584174239907,
      "median_delta": 0.19039307146084267,
      "win_rate_B_lt_A": 0.0,
      "boot_mean": 0.18957859166729313,
      "boot_ci95": [
        0.18260358120586467,
        0.19568860937665572
      ],
      "cohens_d": 16.952498229697742
    }
  },
  "n_files": 10
}